{"cameraMode":{"drawMode":0,"name":"Shaded","section":"Shading Mode"},"sceneLighting":true,"audioPlay":false,"sceneViewState":{"showFog":true,"showMaterialUpdate":false,"showSkybox":true,"showFlares":true,"showImageEffects":true,"showParticleSystems":true},"in2DMode":false,"pivot":{"x":-0.9002775549888611,"y":0.43729186058044436,"z":6.385296821594238},"rotation":{"x":-0.028370529413223268,"y":0.7610756754875183,"z":-0.033364471048116687,"w":-0.6471830010414124},"size":9.054241180419922,"orthographic":false}