{"cameraMode":{"drawMode":0,"name":"Shaded","section":"Shading Mode"},"sceneLighting":true,"audioPlay":false,"sceneViewState":{"showFog":true,"showMaterialUpdate":false,"showSkybox":true,"showFlares":true,"showImageEffects":true,"showParticleSystems":true},"in2DMode":false,"pivot":{"x":-12.59384536743164,"y":130.10635375976563,"z":-44.47845458984375},"rotation":{"x":-0.06676711142063141,"y":0.9174525737762451,"z":-0.174361452460289,"w":-0.3513135015964508},"size":1314.891845703125,"orthographic":false}