{"cameraMode":{"drawMode":0,"name":"Shaded","section":"Shading Mode"},"sceneLighting":true,"audioPlay":false,"sceneViewState":{"showFog":true,"showMaterialUpdate":false,"showSkybox":true,"showFlares":true,"showImageEffects":true,"showParticleSystems":true},"in2DMode":false,"pivot":{"x":2.3663461208343508,"y":-0.9201226234436035,"z":-0.8776463270187378},"rotation":{"x":-0.1351887732744217,"y":0.6938627362251282,"z":-0.13510431349277497,"w":-0.6942804455757141},"size":24.49325942993164,"orthographic":false}